Entité;Jo;Match;Date;Heure;EQA_no;EQA_nom;EQB_no;EQB_nom;Set;Score;Total;Salle;Arb1;Arb2;
PTLO54;01;OP1A001;2025-10-08;20:00;0543620;VANDOEUVRE 1;0542783;NANCY VOLLEY 2; 3/1;24-26,25-20,25-12,25-16;99-74;GYM B - NATIONS;;;
PTLO54;01;OP1A002;2025-10-06;20:30;0548310;SEICHAMPS 1;0549584;GRAND NANCY 2; 3/1;22-25,25-20,25-19,25-21;97-85;MARTINCHAMPS;;;
PTLO54;01;OP1A003;2025-11-13;20:00;0548759;TOUL VALCOURT 1;0545068;VILLERS 1; 3/1;25-13,18-25,25-13,25-17;93-68;COMPLEXE SPORTIF VALCOURT;;;
PTLO54;01;OP1A004;2025-10-09;20:00;0549584;GRAND NANCY 1;0542772;FLAVIGNY; 2/3;25-16,25-20,18-25,15-25,10-15;93-101;GYMNASE LA FONTAINE;;;
PTLO54;01;OP1A005;2025-10-10;20:00;0542783;NANCY VOLLEY 1;0543620;VANDOEUVRE 2; 3/1;25-17,19-25,25-19,25-21;94-82;SALLE PHILIPPE DE GUELDRES;;;
PTLO54;02;OP1A006;2025-10-30;20:00;0542783;NANCY VOLLEY 1;0542783;NANCY VOLLEY 2; 3/0;25-14,25-22,25-16;75-52;SALLE PHILIPPE DE GUELDRES;;;
PTLO54;02;OP1A007;2025-10-15;20:00;0543620;VANDOEUVRE 2;0549584;GRAND NANCY 1; 1/3;21-25,25-18,15-25,23-25;84-93;GYM B - NATIONS;;;
PTLO54;02;OP1A008;2025-10-14;20:00;0542772;FLAVIGNY;0548759;TOUL VALCOURT 1; 3/2;25-21,21-25,22-25,27-25,15-13;110-109;GYMNASE PAUL VERLAINE;;;
PTLO54;02;OP1A009;2025-10-15;20:00;0545068;VILLERS 1;0548310;SEICHAMPS 1; 2/3;25-12,16-25,9-25,25-21,8-15;83-98;GYMNASE CHEPFER;;;
PTLO54;02;OP1A010;2025-10-16;20:00;0549584;GRAND NANCY 2;0543620;VANDOEUVRE 1; 0/3;21-25,13-25,13-25;47-75;GYMNASE LA FONTAINE;;;
PTLO54;03;OP1A011;2025-11-07;20:00;0542783;NANCY VOLLEY 2;0549584;GRAND NANCY 2; 3/0;25-19,25-18,28-26;78-63;SALLE PHILIPPE DE GUELDRES;;;
PTLO54;03;OP1A012;2025-11-05;20:00;0543620;VANDOEUVRE 1;0545068;VILLERS 1; 3/0;25-16,25-18,25-14;75-48;GYM B - NATIONS;COURBET ROMAIN;;
PTLO54;03;OP1A013;2025-11-03;20:30;0548310;SEICHAMPS 1;0542772;FLAVIGNY; 1/3;33-31,14-25,14-25,16-25;77-106;MARTINCHAMPS;;;
PTLO54;03;OP1A014;2025-11-06;20:00;0548759;TOUL VALCOURT 1;0543620;VANDOEUVRE 2; 3/1;25-20,25-14,23-25,25-14;98-73;COMPLEXE SPORTIF VALCOURT;;;
PTLO54;03;OP1A015;2025-11-06;20:00;0549584;GRAND NANCY 1;0542783;NANCY VOLLEY 1; 3/0;25-22,25-17,25-16;75-55;GYMNASE LA FONTAINE;;;
PTLO54;04;OP1A016;2025-11-20;20:00;0549584;GRAND NANCY 1;0542783;NANCY VOLLEY 2; 3/0;25-14,25-22,25-14;75-50;GYMNASE LA FONTAINE;;;
PTLO54;04;OP1A017;2025-11-21;20:00;0542783;NANCY VOLLEY 1;0548759;TOUL VALCOURT 1; 1/3;22-25,25-21,18-25,16-25;81-96;SALLE PHILIPPE DE GUELDRES;;;
PTLO54;04;OP1A018;2025-11-19;20:00;0543620;VANDOEUVRE 2;0548310;SEICHAMPS 1; 0/3;23-25,22-25,20-25;65-75;GYM B - NATIONS;THOUVENIN NICOLAS;;
PTLO54;04;OP1A019;2025-11-18;20:00;0542772;FLAVIGNY;0543620;VANDOEUVRE 1; 1/3;25-21,21-25,23-25,23-25;92-96;GYMNASE PAUL VERLAINE;;;
PTLO54;04;OP1A020;2025-11-19;20:00;0545068;VILLERS 1;0549584;GRAND NANCY 2; 3/0;25-22,27-25,25-22;77-69;GYMNASE CHEPFER;;;
PTLO54;05;OP1A021;2025-11-28;20:00;0542783;NANCY VOLLEY 2;0545068;VILLERS 1; 3/0;25-17,25-20,25-18;75-55;SALLE PHILIPPE DE GUELDRES;;;
PTLO54;05;OP1A022;2025-11-27;20:00;0549584;GRAND NANCY 2;0542772;FLAVIGNY; 0/3;18-25,18-25,10-25;46-75;GYMNASE LA FONTAINE;;;
PTLO54;05;OP1A023;2025-12-03;20:00;0543620;VANDOEUVRE 1;0543620;VANDOEUVRE 2; 3/0;25-13,25-16,25-16;75-45;GYM B - NATIONS;GFELLER MARIAN;;
PTLO54;05;OP1A024;2025-11-24;20:30;0548310;SEICHAMPS 1;0542783;NANCY VOLLEY 1; 3/2;27-25,11-25,18-25,25-16,15-6;96-97;MARTINCHAMPS;;;
PTLO54;05;OP1A025;2025-11-27;20:00;0548759;TOUL VALCOURT 1;0549584;GRAND NANCY 1; 0/3;18-25,22-25,12-25;52-75;COMPLEXE SPORTIF VALCOURT;;;
PTLO54;06;OP1A026;2025-12-11;20:00;0548759;TOUL VALCOURT 1;0542783;NANCY VOLLEY 2; 3/0;25-12,25-18,25-16;75-46;COMPLEXE SPORTIF VALCOURT;;;
PTLO54;06;OP1A027;2026-04-09;20:00;0549584;GRAND NANCY 1;0548310;SEICHAMPS 1; 3/0;25-20,25-15,25-14;75-49;GYMNASE LA FONTAINE;;;
PTLO54;06;OP1A028;2025-12-12;20:00;0542783;NANCY VOLLEY 1;0543620;VANDOEUVRE 1; 0/3;22-25,21-25,21-25;64-75;SALLE PHILIPPE DE GUELDRES;;;
PTLO54;06;OP1A029;2025-12-10;20:00;0543620;VANDOEUVRE 2;0549584;GRAND NANCY 2; 3/2;16-25,25-18,22-25,25-21,15-11;103-100;GYM B - NATIONS;;;
PTLO54;06;OP1A030;2026-06-09;20:00;0542772;FLAVIGNY;0545068;VILLERS 1; 3/1;22-25,25-19,26-24,25-18;98-86;GYMNASE PAUL VERLAINE;;;
PTLO54;07;OP1A031;2025-12-19;20:00;0542783;NANCY VOLLEY 2;0542772;FLAVIGNY; 0/3;15-25,21-25,25-27;61-77;SALLE PHILIPPE DE GUELDRES;;;
PTLO54;07;OP1A032;2025-12-17;20:00;0545068;VILLERS 1;0543620;VANDOEUVRE 2; 3/0;25-18,25-15,25-19;75-52;GYMNASE CHEPFER;;;
PTLO54;07;OP1A033;2025-12-18;20:00;0549584;GRAND NANCY 2;0542783;NANCY VOLLEY 1; 3/1;23-25,25-22,25-22,27-25;100-94;GYMNASE LA FONTAINE;;;
PTLO54;07;OP1A034;2025-12-17;20:00;0543620;VANDOEUVRE 1;0549584;GRAND NANCY 1; 3/0;25-20,25-22,25-20;75-62;GYM B - NATIONS;GABRION QUENTIN;;
PTLO54;07;OP1A035;2025-12-15;20:30;0548310;SEICHAMPS 1;0548759;TOUL VALCOURT 1; 0/3;12-25,23-25,15-25;50-75;MARTINCHAMPS;;;
PTLO54;08;OP1A036;2026-01-05;20:30;0548310;SEICHAMPS 1;0542783;NANCY VOLLEY 2; 3/1;25-16,22-25,25-17,25-15;97-73;MARTINCHAMPS;;;
PTLO54;08;OP1A037;2026-01-08;20:00;0548759;TOUL VALCOURT 1;0543620;VANDOEUVRE 1; 0/3;17-25,20-25,18-25;55-75;COMPLEXE SPORTIF VALCOURT;;;
PTLO54;08;OP1A038;2026-01-08;20:00;0549584;GRAND NANCY 1;0549584;GRAND NANCY 2; 1/3;21-25,17-25,25-22,21-25;84-97;GYMNASE LA FONTAINE;;;
PTLO54;08;OP1A039;2026-01-09;20:00;0542783;NANCY VOLLEY 1;0545068;VILLERS 1; 3/1;25-22,23-25,25-16,25-19;98-82;SALLE PHILIPPE DE GUELDRES;;;
PTLO54;08;OP1A040;2026-01-07;20:00;0543620;VANDOEUVRE 2;0542772;FLAVIGNY; 0/3;19-25,21-25,9-25;49-75;GYM B - NATIONS;;;
PTLO54;09;OP1A041;2026-01-16;20:00;0542783;NANCY VOLLEY 2;0543620;VANDOEUVRE 2; 3/0;25-17,25-20,26-24;76-61;SALLE PHILIPPE DE GUELDRES;;;
PTLO54;09;OP1A042;2026-01-13;20:00;0542772;FLAVIGNY;0542783;NANCY VOLLEY 1; 2/3;17-25,25-14,26-24,20-25,11-15;99-103;GYMNASE PAUL VERLAINE;;;
PTLO54;09;OP1A043;2026-01-14;20:00;0545068;VILLERS 1;0549584;GRAND NANCY 1; 0/3;16-25,18-25,17-25;51-75;GYMNASE CHEPFER;;;
PTLO54;09;OP1A044;2026-01-15;20:00;0549584;GRAND NANCY 2;0548759;TOUL VALCOURT 1; 0/3;14-25,19-25,17-25;50-75;GYMNASE LA FONTAINE;;;
PTLO54;09;OP1A045;2026-01-14;20:00;0543620;VANDOEUVRE 1;0548310;SEICHAMPS 1; 3/0;25-17,25-13,25-19;75-49;GYM B - NATIONS;HILL SAMUEL;;
PTLO54;10;OP1R046;2026-01-30;20:00;0542783;NANCY VOLLEY 2;0543620;VANDOEUVRE 1; 0/3;14-25,20-25,21-25;55-75;SALLE PHILIPPE DE GUELDRES;;;
PTLO54;10;OP1R047;2026-01-29;20:00;0549584;GRAND NANCY 2;0548310;SEICHAMPS 1; 3/0;28-26,28-26,25-14;81-66;GYMNASE LA FONTAINE;;;
PTLO54;10;OP1R048;2026-05-27;20:00;0545068;VILLERS 1;0548759;TOUL VALCOURT 1; 1/3;20-25,27-25,17-25,20-25;84-100;GYMNASE CHEPFER;;;
PTLO54;10;OP1R049;2026-01-27;20:00;0542772;FLAVIGNY;0549584;GRAND NANCY 1; 2/3;25-19,21-25,26-24,8-25,8-15;88-108;GYMNASE PAUL VERLAINE;;;
PTLO54;10;OP1R050;2026-01-28;20:00;0543620;VANDOEUVRE 2;0542783;NANCY VOLLEY 1; 0/3;19-25,23-25,20-25;62-75;GYM B - NATIONS;NOWAK MARIE;;
PTLO54;11;OP1R051;2026-02-06;20:00;0542783;NANCY VOLLEY 2;0542783;NANCY VOLLEY 1; 2/3;23-25,25-23,25-17,17-25,8-15;98-105;SALLE PHILIPPE DE GUELDRES;;;
PTLO54;11;OP1R052;2026-02-05;20:00;0549584;GRAND NANCY 1;0543620;VANDOEUVRE 2; 3/1;25-12,25-23,19-25,26-24;95-84;GYMNASE LA FONTAINE;;;
PTLO54;11;OP1R053;2026-02-05;20:00;0548759;TOUL VALCOURT 1;0542772;FLAVIGNY; 3/2;25-16,12-25,16-25,25-20,16-14;94-100;COMPLEXE SPORTIF VALCOURT;;;
PTLO54;11;OP1R054;2026-02-02;20:30;0548310;SEICHAMPS 1;0545068;VILLERS 1; 3/1;25-22,20-25,25-16,27-25;97-88;MARTINCHAMPS;;;
PTLO54;11;OP1R055;2026-02-04;20:00;0543620;VANDOEUVRE 1;0549584;GRAND NANCY 2; 3/0;25-18,25-16,25-14;75-48;GYM B - NATIONS;NOWAK MARIE;HILL SAMUEL;
PTLO54;12;OP1R056;2026-02-12;20:00;0549584;GRAND NANCY 2;0542783;NANCY VOLLEY 2; 3/1;25-20,23-25,25-11,34-32;107-88;GYMNASE LA FONTAINE;;;
PTLO54;12;OP1R057;2026-02-11;20:00;0545068;VILLERS 1;0543620;VANDOEUVRE 1; 0/3;18-25,14-25,24-26;56-76;GYMNASE CHEPFER;;;
PTLO54;12;OP1R058;2026-02-10;20:00;0542772;FLAVIGNY;0548310;SEICHAMPS 1; 3/0;25-13,25-19,25-19;75-51;GYMNASE PAUL VERLAINE;;;
PTLO54;12;OP1R059;2026-02-11;20:00;0543620;VANDOEUVRE 2;0548759;TOUL VALCOURT 1; 1/3;15-25,25-19,23-25,12-25;75-94;GYM B - NATIONS;NOWAK MARIE;;
PTLO54;12;OP1R060;2026-02-13;20:00;0542783;NANCY VOLLEY 1;0549584;GRAND NANCY 1; 0/3;14-25,23-25,20-25;57-75;SALLE PHILIPPE DE GUELDRES;;;
PTLO54;13;OP1R061;2026-03-06;20:00;0542783;NANCY VOLLEY 2;0549584;GRAND NANCY 1; 1/3;15-25,25-18,20-25,19-25;79-93;SALLE PHILIPPE DE GUELDRES;;;
PTLO54;13;OP1R062;2026-03-05;20:00;0548759;TOUL VALCOURT 1;0542783;NANCY VOLLEY 1; 3/1;25-21,25-18,16-25,25-20;91-84;COMPLEXE SPORTIF VALCOURT;;;
PTLO54;13;OP1R063;2026-03-02;20:30;0548310;SEICHAMPS 1;0543620;VANDOEUVRE 2; 3/2;22-25,25-18,17-25,25-21,15-10;104-99;MARTINCHAMPS;;;
PTLO54;13;OP1R064;2026-03-04;20:00;0543620;VANDOEUVRE 1;0542772;FLAVIGNY; 3/1;25-16,25-18,21-25,25-21;96-80;GYM B - NATIONS;;;
PTLO54;13;OP1R065;2026-03-05;20:00;0549584;GRAND NANCY 2;0545068;VILLERS 1; 3/0;25-20,25-16,25-22;75-58;GYMNASE LA FONTAINE;;;
PTLO54;14;OP1R066;2026-03-11;20:00;0545068;VILLERS 1;0542783;NANCY VOLLEY 2; 3/2;25-10,23-25,20-25,25-15,15-10;108-85;GYMNASE CHEPFER;;;
PTLO54;14;OP1R067;2026-03-10;20:00;0542772;FLAVIGNY;0549584;GRAND NANCY 2; 2/3;22-25,8-25,25-22,25-19,15-17;95-108;GYMNASE PAUL VERLAINE;;;
PTLO54;14;OP1R068;2026-04-08;20:00;0543620;VANDOEUVRE 2;0543620;VANDOEUVRE 1; 0/3;18-25,16-25,13-25;47-75;GYM B - NATIONS;GABRION QUENTIN;;
PTLO54;14;OP1R069;2026-05-29;20:00;0542783;NANCY VOLLEY 1;0548310;SEICHAMPS 1; 3/1;19-25,25-23,25-23,25-22;94-93;SALLE PHILIPPE DE GUELDRES;ALINARI DAMIANO;;
PTLO54;14;OP1R070;2026-05-07;19:45;0549584;GRAND NANCY 1;0548759;TOUL VALCOURT 1; 3/0;25-18,25-20,25-18;75-56;GYMNASE LA FONTAINE;;;
PTLO54;15;OP1R071;2026-03-27;20:00;0542783;NANCY VOLLEY 2;0548759;TOUL VALCOURT 1; 0/3;20-25,20-25,21-25;61-75;SALLE PHILIPPE DE GUELDRES;;;
PTLO54;15;OP1R072;2026-03-23;20:30;0548310;SEICHAMPS 1;0549584;GRAND NANCY 1; 2/3;25-18,25-23,18-25,23-25,9-15;100-106;MARTINCHAMPS;;;
PTLO54;15;OP1R073;2026-03-25;20:00;0543620;VANDOEUVRE 1;0542783;NANCY VOLLEY 1; 3/0;25-12,25-14,25-20;75-46;GYM B - NATIONS;HILL SAMUEL;;
PTLO54;15;OP1R074;2026-03-26;20:00;0549584;GRAND NANCY 2;0543620;VANDOEUVRE 2; 3/0;25-23,25-16,25-10;75-49;GYMNASE LA FONTAINE;;;
PTLO54;15;OP1R075;2026-03-25;20:00;0545068;VILLERS 1;0542772;FLAVIGNY; 3/2;18-25,25-11,25-20,15-25,15-6;98-87;GYMNASE CHEPFER;;;
PTLO54;16;OP1R076;2026-03-31;20:00;0542772;FLAVIGNY;0542783;NANCY VOLLEY 2; 3/0;25-20,25-21,25-23;75-64;GYMNASE PAUL VERLAINE;;;
PTLO54;16;OP1R077;2026-04-01;20:00;0543620;VANDOEUVRE 2;0545068;VILLERS 1; 0/3;16-25,22-25,21-25;59-75;GYM B - NATIONS;GAVOILLE ETHAN;MAYER TRISTAN;
PTLO54;16;OP1R078;2026-06-05;20:00;0542783;NANCY VOLLEY 1;0549584;GRAND NANCY 2; 3/2;26-24,22-25,25-17,20-25,15-10;108-101;SALLE PHILIPPE DE GUELDRES;;;
PTLO54;16;OP1R079;2026-04-02;20:00;0549584;GRAND NANCY 1;0543620;VANDOEUVRE 1; 0/3;16-25,18-25,16-25;50-75;GYMNASE LA FONTAINE;;;
PTLO54;16;OP1R080;2026-04-02;20:00;0548759;TOUL VALCOURT 1;0548310;SEICHAMPS 1; 3/0;25-12,25-21,25-21;75-54;COMPLEXE SPORTIF VALCOURT;;;
PTLO54;17;OP1R081;2026-05-22;20:00;0542783;NANCY VOLLEY 2;0548310;SEICHAMPS 1; 3/0;25-21,25-20,25-20;75-61;SALLE PHILIPPE DE GUELDRES;;;
PTLO54;17;OP1R082;2026-04-29;20:00;0543620;VANDOEUVRE 1;0548759;TOUL VALCOURT 1; 3/0;25-10,25-19,25-12;75-41;GYM B - NATIONS;GABRION QUENTIN;;
PTLO54;17;OP1R083;2026-04-30;20:00;0549584;GRAND NANCY 2;0549584;GRAND NANCY 1; 1/3;24-26,25-15,16-25,22-25;87-91;GYMNASE LA FONTAINE;;;
PTLO54;17;OP1R084;2026-06-02;20:00;0545068;VILLERS 1;0542783;NANCY VOLLEY 1; 3/2;28-26,21-25,28-30,25-22,15-9;117-112;GYMNASE CHEPFER;;;
PTLO54;17;OP1R085;2026-04-28;20:00;0542772;FLAVIGNY;0543620;VANDOEUVRE 2; 3/0;25-15,25-18,25-13;75-46;GYMNASE PAUL VERLAINE;;;
PTLO54;18;OP1R086;2026-05-27;20:00;0543620;VANDOEUVRE 2;0542783;NANCY VOLLEY 2; 1/3;25-16,17-25,22-25,19-25;83-91;GYM B - NATIONS;;;
PTLO54;18;OP1R087;2026-06-12;20:00;0542783;NANCY VOLLEY 1;0542772;FLAVIGNY; 2/3;20-25,22-25,26-24,28-26,10-15;106-115;SALLE PHILIPPE DE GUELDRES;;;
PTLO54;18;OP1R088;2026-05-21;20:00;0549584;GRAND NANCY 1;0545068;VILLERS 1; 3/0;25-18,25-22,25-20;75-60;GYMNASE LA FONTAINE;;;
PTLO54;18;OP1R089;2026-06-11;20:00;0548759;TOUL VALCOURT 1;0549584;GRAND NANCY 2; 3/2;25-16,15-25,25-20,20-25,15-7;100-93;COMPLEXE SPORTIF VALCOURT;;;
PTLO54;18;OP1R090;2026-05-11;20:30;0548310;SEICHAMPS 1;0543620;VANDOEUVRE 1; 0/3;16-25,13-25,22-25;51-75;MARTINCHAMPS;;;
